dir,case_id,slide_id,label
/path/to/CAM17/features,1,patient_000_node_0,negative
/path/to/CAM17/features,2,patient_000_node_1,negative
/path/to/CAM17/features,3,patient_000_node_2,negative
/path/to/CAM17/features,4,patient_000_node_3,negative
/path/to/CAM17/features,5,patient_000_node_4,negative
/path/to/CAM17/features,6,patient_001_node_0,negative
/path/to/CAM17/features,7,patient_001_node_1,negative
/path/to/CAM17/features,8,patient_001_node_2,negative
/path/to/CAM17/features,9,patient_001_node_3,negative
/path/to/CAM17/features,10,patient_001_node_4,negative
/path/to/CAM17/features,11,patient_002_node_0,negative
/path/to/CAM17/features,12,patient_002_node_1,negative
/path/to/CAM17/features,13,patient_002_node_2,negative
/path/to/CAM17/features,14,patient_002_node_3,negative
/path/to/CAM17/features,15,patient_002_node_4,negative
/path/to/CAM17/features,16,patient_003_node_0,negative
/path/to/CAM17/features,17,patient_003_node_1,negative
/path/to/CAM17/features,18,patient_003_node_2,negative
/path/to/CAM17/features,19,patient_003_node_3,negative
/path/to/CAM17/features,20,patient_003_node_4,negative
/path/to/CAM17/features,21,patient_004_node_0,negative
/path/to/CAM17/features,22,patient_004_node_1,negative
/path/to/CAM17/features,23,patient_004_node_2,negative
/path/to/CAM17/features,24,patient_004_node_3,negative
/path/to/CAM17/features,25,patient_004_node_4,itc
/path/to/CAM17/features,26,patient_005_node_0,negative
/path/to/CAM17/features,27,patient_005_node_1,negative
/path/to/CAM17/features,28,patient_005_node_2,negative
/path/to/CAM17/features,29,patient_005_node_3,itc
/path/to/CAM17/features,30,patient_005_node_4,itc
/path/to/CAM17/features,31,patient_006_node_0,negative
/path/to/CAM17/features,32,patient_006_node_1,negative
/path/to/CAM17/features,33,patient_006_node_2,itc
/path/to/CAM17/features,34,patient_006_node_3,negative
/path/to/CAM17/features,35,patient_006_node_4,itc
/path/to/CAM17/features,36,patient_007_node_0,negative
/path/to/CAM17/features,37,patient_007_node_1,negative
/path/to/CAM17/features,38,patient_007_node_2,negative
/path/to/CAM17/features,39,patient_007_node_3,negative
/path/to/CAM17/features,40,patient_007_node_4,micro
/path/to/CAM17/features,41,patient_008_node_0,micro
/path/to/CAM17/features,42,patient_008_node_1,negative
/path/to/CAM17/features,43,patient_008_node_2,negative
/path/to/CAM17/features,44,patient_008_node_3,negative
/path/to/CAM17/features,45,patient_008_node_4,negative
/path/to/CAM17/features,46,patient_009_node_0,itc
/path/to/CAM17/features,47,patient_009_node_1,micro
/path/to/CAM17/features,48,patient_009_node_2,negative
/path/to/CAM17/features,49,patient_009_node_3,negative
/path/to/CAM17/features,50,patient_009_node_4,negative
/path/to/CAM17/features,51,patient_010_node_0,micro
/path/to/CAM17/features,52,patient_010_node_1,negative
/path/to/CAM17/features,53,patient_010_node_2,negative
/path/to/CAM17/features,54,patient_010_node_3,negative
/path/to/CAM17/features,55,patient_010_node_4,micro
/path/to/CAM17/features,56,patient_011_node_0,micro
/path/to/CAM17/features,57,patient_011_node_1,negative
/path/to/CAM17/features,58,patient_011_node_2,negative
/path/to/CAM17/features,59,patient_011_node_3,negative
/path/to/CAM17/features,60,patient_011_node_4,negative
/path/to/CAM17/features,61,patient_012_node_0,macro
/path/to/CAM17/features,62,patient_012_node_1,negative
/path/to/CAM17/features,63,patient_012_node_2,negative
/path/to/CAM17/features,64,patient_012_node_3,negative
/path/to/CAM17/features,65,patient_012_node_4,negative
/path/to/CAM17/features,66,patient_013_node_0,negative
/path/to/CAM17/features,67,patient_013_node_1,negative
/path/to/CAM17/features,68,patient_013_node_2,macro
/path/to/CAM17/features,69,patient_013_node_3,macro
/path/to/CAM17/features,70,patient_013_node_4,micro
/path/to/CAM17/features,71,patient_014_node_0,negative
/path/to/CAM17/features,72,patient_014_node_1,negative
/path/to/CAM17/features,73,patient_014_node_2,macro
/path/to/CAM17/features,74,patient_014_node_3,itc
/path/to/CAM17/features,75,patient_014_node_4,macro
/path/to/CAM17/features,76,patient_015_node_0,negative
/path/to/CAM17/features,77,patient_015_node_1,macro
/path/to/CAM17/features,78,patient_015_node_2,macro
/path/to/CAM17/features,79,patient_015_node_3,negative
/path/to/CAM17/features,80,patient_015_node_4,itc
/path/to/CAM17/features,81,patient_016_node_0,macro
/path/to/CAM17/features,82,patient_016_node_1,itc
/path/to/CAM17/features,83,patient_016_node_2,negative
/path/to/CAM17/features,84,patient_016_node_3,negative
/path/to/CAM17/features,85,patient_016_node_4,negative
/path/to/CAM17/features,86,patient_017_node_0,negative
/path/to/CAM17/features,87,patient_017_node_1,itc
/path/to/CAM17/features,88,patient_017_node_2,macro
/path/to/CAM17/features,89,patient_017_node_3,macro
/path/to/CAM17/features,90,patient_017_node_4,micro
/path/to/CAM17/features,91,patient_018_node_0,negative
/path/to/CAM17/features,92,patient_018_node_1,micro
/path/to/CAM17/features,93,patient_018_node_2,micro
/path/to/CAM17/features,94,patient_018_node_3,macro
/path/to/CAM17/features,95,patient_018_node_4,itc
/path/to/CAM17/features,96,patient_019_node_0,macro
/path/to/CAM17/features,97,patient_019_node_1,macro
/path/to/CAM17/features,98,patient_019_node_2,macro
/path/to/CAM17/features,99,patient_019_node_3,macro
/path/to/CAM17/features,100,patient_019_node_4,negative
/path/to/CAM17/features,101,patient_020_node_0,negative
/path/to/CAM17/features,102,patient_020_node_1,micro
/path/to/CAM17/features,103,patient_020_node_2,micro
/path/to/CAM17/features,104,patient_020_node_3,negative
/path/to/CAM17/features,105,patient_020_node_4,macro
/path/to/CAM17/features,106,patient_021_node_0,macro
/path/to/CAM17/features,107,patient_021_node_1,macro
/path/to/CAM17/features,108,patient_021_node_2,negative
/path/to/CAM17/features,109,patient_021_node_3,micro
/path/to/CAM17/features,110,patient_021_node_4,micro
/path/to/CAM17/features,111,patient_022_node_0,micro
/path/to/CAM17/features,112,patient_022_node_1,micro
/path/to/CAM17/features,113,patient_022_node_2,negative
/path/to/CAM17/features,114,patient_022_node_3,negative
/path/to/CAM17/features,115,patient_022_node_4,macro
/path/to/CAM17/features,116,patient_023_node_0,negative
/path/to/CAM17/features,117,patient_023_node_1,negative
/path/to/CAM17/features,118,patient_023_node_2,negative
/path/to/CAM17/features,119,patient_023_node_3,negative
/path/to/CAM17/features,120,patient_023_node_4,negative
/path/to/CAM17/features,121,patient_024_node_0,negative
/path/to/CAM17/features,122,patient_024_node_1,itc
/path/to/CAM17/features,123,patient_024_node_2,itc
/path/to/CAM17/features,124,patient_024_node_3,negative
/path/to/CAM17/features,125,patient_024_node_4,itc
/path/to/CAM17/features,126,patient_025_node_0,negative
/path/to/CAM17/features,127,patient_025_node_1,negative
/path/to/CAM17/features,128,patient_025_node_2,negative
/path/to/CAM17/features,129,patient_025_node_3,negative
/path/to/CAM17/features,130,patient_025_node_4,negative
/path/to/CAM17/features,131,patient_026_node_0,itc
/path/to/CAM17/features,132,patient_026_node_1,micro
/path/to/CAM17/features,133,patient_026_node_2,macro
/path/to/CAM17/features,134,patient_026_node_3,micro
/path/to/CAM17/features,135,patient_026_node_4,macro
/path/to/CAM17/features,136,patient_027_node_0,micro
/path/to/CAM17/features,137,patient_027_node_1,negative
/path/to/CAM17/features,138,patient_027_node_2,micro
/path/to/CAM17/features,139,patient_027_node_3,negative
/path/to/CAM17/features,140,patient_027_node_4,micro
/path/to/CAM17/features,141,patient_028_node_0,micro
/path/to/CAM17/features,142,patient_028_node_1,micro
/path/to/CAM17/features,143,patient_028_node_2,macro
/path/to/CAM17/features,144,patient_028_node_3,micro
/path/to/CAM17/features,145,patient_028_node_4,negative
/path/to/CAM17/features,146,patient_029_node_0,micro
/path/to/CAM17/features,147,patient_029_node_1,macro
/path/to/CAM17/features,148,patient_029_node_2,itc
/path/to/CAM17/features,149,patient_029_node_3,macro
/path/to/CAM17/features,150,patient_029_node_4,negative
/path/to/CAM17/features,151,patient_030_node_0,negative
/path/to/CAM17/features,152,patient_030_node_1,negative
/path/to/CAM17/features,153,patient_030_node_2,negative
/path/to/CAM17/features,154,patient_030_node_3,negative
/path/to/CAM17/features,155,patient_030_node_4,micro
/path/to/CAM17/features,156,patient_031_node_0,negative
/path/to/CAM17/features,157,patient_031_node_1,negative
/path/to/CAM17/features,158,patient_031_node_2,negative
/path/to/CAM17/features,159,patient_031_node_3,negative
/path/to/CAM17/features,160,patient_031_node_4,negative
/path/to/CAM17/features,161,patient_032_node_0,negative
/path/to/CAM17/features,162,patient_032_node_1,micro
/path/to/CAM17/features,163,patient_032_node_2,negative
/path/to/CAM17/features,164,patient_032_node_3,negative
/path/to/CAM17/features,165,patient_032_node_4,negative
/path/to/CAM17/features,166,patient_033_node_0,negative
/path/to/CAM17/features,167,patient_033_node_1,macro
/path/to/CAM17/features,168,patient_033_node_2,micro
/path/to/CAM17/features,169,patient_033_node_3,micro
/path/to/CAM17/features,170,patient_033_node_4,negative
/path/to/CAM17/features,171,patient_034_node_0,negative
/path/to/CAM17/features,172,patient_034_node_1,negative
/path/to/CAM17/features,173,patient_034_node_2,negative
/path/to/CAM17/features,174,patient_034_node_3,macro
/path/to/CAM17/features,175,patient_034_node_4,negative
/path/to/CAM17/features,176,patient_035_node_0,negative
/path/to/CAM17/features,177,patient_035_node_1,negative
/path/to/CAM17/features,178,patient_035_node_2,negative
/path/to/CAM17/features,179,patient_035_node_3,negative
/path/to/CAM17/features,180,patient_035_node_4,negative
/path/to/CAM17/features,181,patient_036_node_0,negative
/path/to/CAM17/features,182,patient_036_node_1,negative
/path/to/CAM17/features,183,patient_036_node_2,negative
/path/to/CAM17/features,184,patient_036_node_3,micro
/path/to/CAM17/features,185,patient_036_node_4,negative
/path/to/CAM17/features,186,patient_037_node_0,negative
/path/to/CAM17/features,187,patient_037_node_1,itc
/path/to/CAM17/features,188,patient_037_node_2,negative
/path/to/CAM17/features,189,patient_037_node_3,negative
/path/to/CAM17/features,190,patient_037_node_4,negative
/path/to/CAM17/features,191,patient_038_node_0,micro
/path/to/CAM17/features,192,patient_038_node_1,negative
/path/to/CAM17/features,193,patient_038_node_2,micro
/path/to/CAM17/features,194,patient_038_node_3,negative
/path/to/CAM17/features,195,patient_038_node_4,itc
/path/to/CAM17/features,196,patient_039_node_0,macro
/path/to/CAM17/features,197,patient_039_node_1,micro
/path/to/CAM17/features,198,patient_039_node_2,negative
/path/to/CAM17/features,199,patient_039_node_3,negative
/path/to/CAM17/features,200,patient_039_node_4,negative
/path/to/CAM17/features,201,patient_040_node_0,negative
/path/to/CAM17/features,202,patient_040_node_1,negative
/path/to/CAM17/features,203,patient_040_node_2,itc
/path/to/CAM17/features,204,patient_040_node_3,negative
/path/to/CAM17/features,205,patient_040_node_4,negative
/path/to/CAM17/features,206,patient_041_node_0,itc
/path/to/CAM17/features,207,patient_041_node_1,negative
/path/to/CAM17/features,208,patient_041_node_2,negative
/path/to/CAM17/features,209,patient_041_node_3,negative
/path/to/CAM17/features,210,patient_041_node_4,negative
/path/to/CAM17/features,211,patient_042_node_0,negative
/path/to/CAM17/features,212,patient_042_node_1,negative
/path/to/CAM17/features,213,patient_042_node_2,negative
/path/to/CAM17/features,214,patient_042_node_3,macro
/path/to/CAM17/features,215,patient_042_node_4,negative
/path/to/CAM17/features,216,patient_043_node_0,negative
/path/to/CAM17/features,217,patient_043_node_1,negative
/path/to/CAM17/features,218,patient_043_node_2,negative
/path/to/CAM17/features,219,patient_043_node_3,negative
/path/to/CAM17/features,220,patient_043_node_4,negative
/path/to/CAM17/features,221,patient_044_node_0,negative
/path/to/CAM17/features,222,patient_044_node_1,negative
/path/to/CAM17/features,223,patient_044_node_2,negative
/path/to/CAM17/features,224,patient_044_node_3,macro
/path/to/CAM17/features,225,patient_044_node_4,macro
/path/to/CAM17/features,226,patient_045_node_0,macro
/path/to/CAM17/features,227,patient_045_node_1,micro
/path/to/CAM17/features,228,patient_045_node_2,negative
/path/to/CAM17/features,229,patient_045_node_3,macro
/path/to/CAM17/features,230,patient_045_node_4,macro
/path/to/CAM17/features,231,patient_046_node_0,negative
/path/to/CAM17/features,232,patient_046_node_1,negative
/path/to/CAM17/features,233,patient_046_node_2,negative
/path/to/CAM17/features,234,patient_046_node_3,micro
/path/to/CAM17/features,235,patient_046_node_4,micro
/path/to/CAM17/features,236,patient_047_node_0,negative
/path/to/CAM17/features,237,patient_047_node_1,negative
/path/to/CAM17/features,238,patient_047_node_2,macro
/path/to/CAM17/features,239,patient_047_node_3,negative
/path/to/CAM17/features,240,patient_047_node_4,negative
/path/to/CAM17/features,241,patient_048_node_0,micro
/path/to/CAM17/features,242,patient_048_node_1,micro
/path/to/CAM17/features,243,patient_048_node_2,negative
/path/to/CAM17/features,244,patient_048_node_3,negative
/path/to/CAM17/features,245,patient_048_node_4,negative
/path/to/CAM17/features,246,patient_049_node_0,negative
/path/to/CAM17/features,247,patient_049_node_1,micro
/path/to/CAM17/features,248,patient_049_node_2,micro
/path/to/CAM17/features,249,patient_049_node_3,negative
/path/to/CAM17/features,250,patient_049_node_4,negative
/path/to/CAM17/features,251,patient_050_node_0,negative
/path/to/CAM17/features,252,patient_050_node_1,negative
/path/to/CAM17/features,253,patient_050_node_2,negative
/path/to/CAM17/features,254,patient_050_node_3,negative
/path/to/CAM17/features,255,patient_050_node_4,micro
/path/to/CAM17/features,256,patient_051_node_0,macro
/path/to/CAM17/features,257,patient_051_node_1,macro
/path/to/CAM17/features,258,patient_051_node_2,macro
/path/to/CAM17/features,259,patient_051_node_3,negative
/path/to/CAM17/features,260,patient_051_node_4,macro
/path/to/CAM17/features,261,patient_052_node_0,macro
/path/to/CAM17/features,262,patient_052_node_2,macro
/path/to/CAM17/features,263,patient_052_node_3,macro
/path/to/CAM17/features,264,patient_052_node_4,negative
/path/to/CAM17/features,265,patient_053_node_0,negative
/path/to/CAM17/features,266,patient_053_node_1,negative
/path/to/CAM17/features,267,patient_053_node_2,negative
/path/to/CAM17/features,268,patient_053_node_3,negative
/path/to/CAM17/features,269,patient_053_node_4,negative
/path/to/CAM17/features,270,patient_054_node_0,negative
/path/to/CAM17/features,271,patient_054_node_1,negative
/path/to/CAM17/features,272,patient_054_node_2,negative
/path/to/CAM17/features,273,patient_054_node_3,negative
/path/to/CAM17/features,274,patient_054_node_4,negative
/path/to/CAM17/features,275,patient_055_node_0,negative
/path/to/CAM17/features,276,patient_055_node_1,negative
/path/to/CAM17/features,277,patient_055_node_2,negative
/path/to/CAM17/features,278,patient_055_node_3,negative
/path/to/CAM17/features,279,patient_055_node_4,negative
/path/to/CAM17/features,280,patient_056_node_0,negative
/path/to/CAM17/features,281,patient_056_node_1,negative
/path/to/CAM17/features,282,patient_056_node_2,negative
/path/to/CAM17/features,283,patient_056_node_3,negative
/path/to/CAM17/features,284,patient_056_node_4,negative
/path/to/CAM17/features,285,patient_057_node_0,negative
/path/to/CAM17/features,286,patient_057_node_1,negative
/path/to/CAM17/features,287,patient_057_node_2,negative
/path/to/CAM17/features,288,patient_057_node_3,negative
/path/to/CAM17/features,289,patient_057_node_4,negative
/path/to/CAM17/features,290,patient_058_node_0,negative
/path/to/CAM17/features,291,patient_058_node_1,negative
/path/to/CAM17/features,292,patient_058_node_2,negative
/path/to/CAM17/features,293,patient_058_node_3,negative
/path/to/CAM17/features,294,patient_058_node_4,negative
/path/to/CAM17/features,295,patient_059_node_0,negative
/path/to/CAM17/features,296,patient_059_node_1,negative
/path/to/CAM17/features,297,patient_059_node_2,negative
/path/to/CAM17/features,298,patient_059_node_3,negative
/path/to/CAM17/features,299,patient_059_node_4,negative
/path/to/CAM17/features,300,patient_060_node_0,micro
/path/to/CAM17/features,301,patient_060_node_1,negative
/path/to/CAM17/features,302,patient_060_node_2,negative
/path/to/CAM17/features,303,patient_060_node_3,itc
/path/to/CAM17/features,304,patient_060_node_4,negative
/path/to/CAM17/features,305,patient_061_node_0,negative
/path/to/CAM17/features,306,patient_061_node_1,negative
/path/to/CAM17/features,307,patient_061_node_2,negative
/path/to/CAM17/features,308,patient_061_node_3,negative
/path/to/CAM17/features,309,patient_061_node_4,micro
/path/to/CAM17/features,310,patient_062_node_0,micro
/path/to/CAM17/features,311,patient_062_node_1,micro
/path/to/CAM17/features,312,patient_062_node_2,macro
/path/to/CAM17/features,313,patient_062_node_3,macro
/path/to/CAM17/features,314,patient_062_node_4,negative
/path/to/CAM17/features,315,patient_063_node_0,macro
/path/to/CAM17/features,316,patient_063_node_1,negative
/path/to/CAM17/features,317,patient_063_node_2,macro
/path/to/CAM17/features,318,patient_063_node_3,macro
/path/to/CAM17/features,319,patient_063_node_4,macro
/path/to/CAM17/features,320,patient_064_node_0,itc
/path/to/CAM17/features,321,patient_064_node_1,negative
/path/to/CAM17/features,322,patient_064_node_2,negative
/path/to/CAM17/features,323,patient_064_node_3,itc
/path/to/CAM17/features,324,patient_064_node_4,negative
/path/to/CAM17/features,325,patient_065_node_0,macro
/path/to/CAM17/features,326,patient_065_node_1,negative
/path/to/CAM17/features,327,patient_065_node_2,negative
/path/to/CAM17/features,328,patient_065_node_3,negative
/path/to/CAM17/features,329,patient_065_node_4,macro
/path/to/CAM17/features,330,patient_066_node_0,negative
/path/to/CAM17/features,331,patient_066_node_1,negative
/path/to/CAM17/features,332,patient_066_node_2,micro
/path/to/CAM17/features,333,patient_066_node_3,macro
/path/to/CAM17/features,334,patient_066_node_4,negative
/path/to/CAM17/features,335,patient_067_node_0,negative
/path/to/CAM17/features,336,patient_067_node_1,negative
/path/to/CAM17/features,337,patient_067_node_2,negative
/path/to/CAM17/features,338,patient_067_node_3,itc
/path/to/CAM17/features,339,patient_067_node_4,micro
/path/to/CAM17/features,340,patient_068_node_0,negative
/path/to/CAM17/features,341,patient_068_node_1,itc
/path/to/CAM17/features,342,patient_068_node_2,negative
/path/to/CAM17/features,343,patient_068_node_3,negative
/path/to/CAM17/features,344,patient_068_node_4,itc
/path/to/CAM17/features,345,patient_069_node_0,macro
/path/to/CAM17/features,346,patient_069_node_1,macro
/path/to/CAM17/features,347,patient_069_node_2,micro
/path/to/CAM17/features,348,patient_069_node_3,micro
/path/to/CAM17/features,349,patient_069_node_4,negative
/path/to/CAM17/features,350,patient_070_node_0,negative
/path/to/CAM17/features,351,patient_070_node_1,negative
/path/to/CAM17/features,352,patient_070_node_2,negative
/path/to/CAM17/features,353,patient_070_node_3,macro
/path/to/CAM17/features,354,patient_070_node_4,negative
/path/to/CAM17/features,355,patient_071_node_0,negative
/path/to/CAM17/features,356,patient_071_node_1,negative
/path/to/CAM17/features,357,patient_071_node_2,negative
/path/to/CAM17/features,358,patient_071_node_3,negative
/path/to/CAM17/features,359,patient_071_node_4,negative
/path/to/CAM17/features,360,patient_072_node_0,itc
/path/to/CAM17/features,361,patient_072_node_1,macro
/path/to/CAM17/features,362,patient_072_node_2,macro
/path/to/CAM17/features,363,patient_072_node_3,negative
/path/to/CAM17/features,364,patient_072_node_4,micro
/path/to/CAM17/features,365,patient_073_node_0,negative
/path/to/CAM17/features,366,patient_073_node_1,macro
/path/to/CAM17/features,367,patient_073_node_2,negative
/path/to/CAM17/features,368,patient_073_node_3,micro
/path/to/CAM17/features,369,patient_073_node_4,negative
/path/to/CAM17/features,370,patient_074_node_0,negative
/path/to/CAM17/features,371,patient_074_node_1,negative
/path/to/CAM17/features,372,patient_074_node_2,negative
/path/to/CAM17/features,373,patient_074_node_3,negative
/path/to/CAM17/features,374,patient_074_node_4,micro
/path/to/CAM17/features,375,patient_075_node_0,negative
/path/to/CAM17/features,376,patient_075_node_1,negative
/path/to/CAM17/features,377,patient_075_node_2,negative
/path/to/CAM17/features,378,patient_075_node_3,negative
/path/to/CAM17/features,379,patient_075_node_4,macro
/path/to/CAM17/features,380,patient_076_node_0,negative
/path/to/CAM17/features,381,patient_076_node_1,macro
/path/to/CAM17/features,382,patient_076_node_2,micro
/path/to/CAM17/features,383,patient_076_node_3,micro
/path/to/CAM17/features,384,patient_076_node_4,itc
/path/to/CAM17/features,385,patient_077_node_0,negative
/path/to/CAM17/features,386,patient_077_node_1,negative
/path/to/CAM17/features,387,patient_077_node_2,macro
/path/to/CAM17/features,388,patient_077_node_3,negative
/path/to/CAM17/features,389,patient_077_node_4,macro
/path/to/CAM17/features,390,patient_078_node_0,negative
/path/to/CAM17/features,391,patient_078_node_1,negative
/path/to/CAM17/features,392,patient_078_node_2,negative
/path/to/CAM17/features,393,patient_078_node_3,negative
/path/to/CAM17/features,394,patient_078_node_4,negative
/path/to/CAM17/features,395,patient_079_node_0,negative
/path/to/CAM17/features,396,patient_079_node_1,negative
/path/to/CAM17/features,397,patient_079_node_2,negative
/path/to/CAM17/features,398,patient_079_node_3,negative
/path/to/CAM17/features,399,patient_079_node_4,negative
/path/to/CAM17/features,400,patient_080_node_0,itc
/path/to/CAM17/features,401,patient_080_node_1,itc
/path/to/CAM17/features,402,patient_080_node_2,macro
/path/to/CAM17/features,403,patient_080_node_3,macro
/path/to/CAM17/features,404,patient_080_node_4,micro
/path/to/CAM17/features,405,patient_081_node_0,negative
/path/to/CAM17/features,406,patient_081_node_1,micro
/path/to/CAM17/features,407,patient_081_node_2,micro
/path/to/CAM17/features,408,patient_081_node_3,negative
/path/to/CAM17/features,409,patient_081_node_4,itc
/path/to/CAM17/features,410,patient_082_node_0,negative
/path/to/CAM17/features,411,patient_082_node_1,negative
/path/to/CAM17/features,412,patient_082_node_2,negative
/path/to/CAM17/features,413,patient_082_node_3,negative
/path/to/CAM17/features,414,patient_082_node_4,negative
/path/to/CAM17/features,415,patient_083_node_0,negative
/path/to/CAM17/features,416,patient_083_node_1,negative
/path/to/CAM17/features,417,patient_083_node_2,negative
/path/to/CAM17/features,418,patient_083_node_3,negative
/path/to/CAM17/features,419,patient_083_node_4,negative
/path/to/CAM17/features,420,patient_084_node_0,negative
/path/to/CAM17/features,421,patient_084_node_1,negative
/path/to/CAM17/features,422,patient_084_node_2,macro
/path/to/CAM17/features,423,patient_084_node_3,macro
/path/to/CAM17/features,424,patient_084_node_4,negative
/path/to/CAM17/features,425,patient_085_node_0,negative
/path/to/CAM17/features,426,patient_085_node_1,negative
/path/to/CAM17/features,427,patient_085_node_2,negative
/path/to/CAM17/features,428,patient_085_node_3,negative
/path/to/CAM17/features,429,patient_085_node_4,negative
/path/to/CAM17/features,430,patient_086_node_0,itc
/path/to/CAM17/features,431,patient_086_node_1,negative
/path/to/CAM17/features,432,patient_086_node_2,negative
/path/to/CAM17/features,433,patient_086_node_3,negative
/path/to/CAM17/features,434,patient_086_node_4,itc
/path/to/CAM17/features,435,patient_087_node_0,itc
/path/to/CAM17/features,436,patient_087_node_1,itc
/path/to/CAM17/features,437,patient_087_node_2,negative
/path/to/CAM17/features,438,patient_087_node_3,negative
/path/to/CAM17/features,439,patient_087_node_4,negative
/path/to/CAM17/features,440,patient_088_node_0,negative
/path/to/CAM17/features,441,patient_088_node_1,micro
/path/to/CAM17/features,442,patient_088_node_2,negative
/path/to/CAM17/features,443,patient_088_node_3,negative
/path/to/CAM17/features,444,patient_088_node_4,itc
/path/to/CAM17/features,445,patient_089_node_0,negative
/path/to/CAM17/features,446,patient_089_node_1,negative
/path/to/CAM17/features,447,patient_089_node_2,negative
/path/to/CAM17/features,448,patient_089_node_3,micro
/path/to/CAM17/features,449,patient_089_node_4,negative
/path/to/CAM17/features,450,patient_090_node_0,negative
/path/to/CAM17/features,451,patient_090_node_1,negative
/path/to/CAM17/features,452,patient_090_node_2,negative
/path/to/CAM17/features,453,patient_090_node_3,negative
/path/to/CAM17/features,454,patient_090_node_4,negative
/path/to/CAM17/features,455,patient_091_node_0,negative
/path/to/CAM17/features,456,patient_091_node_1,negative
/path/to/CAM17/features,457,patient_091_node_2,macro
/path/to/CAM17/features,458,patient_091_node_3,macro
/path/to/CAM17/features,459,patient_091_node_4,macro
/path/to/CAM17/features,460,patient_092_node_0,macro
/path/to/CAM17/features,461,patient_092_node_1,macro
/path/to/CAM17/features,462,patient_092_node_2,negative
/path/to/CAM17/features,463,patient_092_node_3,macro
/path/to/CAM17/features,464,patient_092_node_4,macro
/path/to/CAM17/features,465,patient_093_node_0,negative
/path/to/CAM17/features,466,patient_093_node_1,negative
/path/to/CAM17/features,467,patient_093_node_2,negative
/path/to/CAM17/features,468,patient_093_node_3,negative
/path/to/CAM17/features,469,patient_093_node_4,macro
/path/to/CAM17/features,470,patient_094_node_0,macro
/path/to/CAM17/features,471,patient_094_node_1,macro
/path/to/CAM17/features,472,patient_094_node_2,macro
/path/to/CAM17/features,473,patient_094_node_3,negative
/path/to/CAM17/features,474,patient_094_node_4,macro
/path/to/CAM17/features,475,patient_095_node_0,macro
/path/to/CAM17/features,476,patient_095_node_1,negative
/path/to/CAM17/features,477,patient_095_node_2,negative
/path/to/CAM17/features,478,patient_095_node_3,negative
/path/to/CAM17/features,479,patient_095_node_4,negative
/path/to/CAM17/features,480,patient_096_node_0,macro
/path/to/CAM17/features,481,patient_096_node_1,negative
/path/to/CAM17/features,482,patient_096_node_2,macro
/path/to/CAM17/features,483,patient_096_node_3,macro
/path/to/CAM17/features,484,patient_096_node_4,macro
/path/to/CAM17/features,485,patient_097_node_0,macro
/path/to/CAM17/features,486,patient_097_node_1,macro
/path/to/CAM17/features,487,patient_097_node_2,negative
/path/to/CAM17/features,488,patient_097_node_3,macro
/path/to/CAM17/features,489,patient_097_node_4,macro
/path/to/CAM17/features,490,patient_098_node_0,negative
/path/to/CAM17/features,491,patient_098_node_1,negative
/path/to/CAM17/features,492,patient_098_node_2,negative
/path/to/CAM17/features,493,patient_098_node_3,negative
/path/to/CAM17/features,494,patient_098_node_4,negative
/path/to/CAM17/features,495,patient_099_node_0,negative
/path/to/CAM17/features,496,patient_099_node_1,negative
/path/to/CAM17/features,497,patient_099_node_2,negative
/path/to/CAM17/features,498,patient_099_node_3,negative
/path/to/CAM17/features,499,patient_099_node_4,macro
