id,train,val,test
0,normal_159,normal_080,test_115
1,normal_039,normal_123,test_026
2,tumor_071,normal_054,test_113
3,normal_024,tumor_020,test_110
4,tumor_017,normal_041,test_007
5,tumor_003,normal_071,test_027
6,normal_060,tumor_065,test_074
7,tumor_018,normal_042,test_063
8,tumor_094,normal_046,test_090
9,tumor_050,normal_037,test_003
10,normal_092,normal_003,test_040
11,normal_108,normal_136,test_053
12,tumor_060,normal_087,test_081
13,normal_143,tumor_035,test_037
14,normal_050,normal_090,test_126
15,tumor_088,tumor_052,test_044
16,normal_089,normal_153,test_121
17,normal_130,tumor_108,test_120
18,tumor_025,normal_059,test_096
19,tumor_063,tumor_091,test_103
20,normal_117,normal_088,test_004
21,normal_004,tumor_082,test_051
22,normal_036,normal_029,test_043
23,normal_157,normal_100,test_020
24,normal_146,normal_014,test_015
25,normal_113,normal_105,test_107
26,tumor_074,normal_097,test_079
27,normal_158,tumor_102,test_055
28,normal_017,normal_135,test_123
29,normal_149,normal_020,test_034
30,normal_023,tumor_058,test_048
31,tumor_067,normal_057,test_010
32,tumor_107,normal_152,test_071
33,normal_104,normal_013,test_084
34,tumor_044,tumor_048,test_009
35,normal_099,tumor_014,test_005
36,tumor_098,normal_094,test_029
37,tumor_031,tumor_026,test_097
38,tumor_045,tumor_100,test_045
39,normal_015,tumor_019,test_002
40,normal_112,normal_115,test_018
41,normal_079,tumor_090,test_035
42,normal_026,tumor_080,test_076
43,normal_125,tumor_033,test_087
44,normal_052,tumor_009,test_052
45,tumor_005,normal_142,test_114
46,normal_078,tumor_034,test_092
47,tumor_061,tumor_001,test_042
48,normal_055,normal_056,test_099
49,tumor_024,tumor_066,test_111
50,normal_044,normal_151,test_082
51,tumor_087,normal_011,test_024
52,normal_107,tumor_093,test_030
53,normal_148,normal_066,test_075
54,tumor_073,,test_023
55,tumor_032,,test_036
56,tumor_002,,test_008
57,normal_077,,test_127
58,tumor_030,,test_028
59,normal_058,,test_125
60,normal_012,,test_032
61,normal_137,,test_064
62,tumor_103,,test_069
63,tumor_029,,test_019
64,normal_025,,test_104
65,normal_110,,test_056
66,normal_072,,test_088
67,tumor_068,,test_098
68,normal_155,,test_091
69,tumor_041,,test_080
70,tumor_023,,test_101
71,normal_027,,test_117
72,normal_048,,test_083
73,normal_075,,test_033
74,normal_084,,test_116
75,normal_031,,test_089
76,tumor_028,,test_078
77,tumor_051,,test_054
78,tumor_101,,test_065
79,tumor_095,,test_094
80,normal_150,,test_095
81,tumor_042,,test_129
82,tumor_053,,test_072
83,tumor_104,,test_058
84,normal_128,,test_006
85,tumor_007,,test_122
86,normal_049,,test_106
87,normal_103,,test_061
88,normal_067,,test_077
89,normal_051,,test_093
90,normal_030,,test_100
91,normal_007,,test_086
92,tumor_039,,test_112
93,tumor_059,,test_014
94,tumor_010,,test_013
95,normal_134,,test_085
96,normal_002,,test_102
97,normal_019,,test_050
98,tumor_056,,test_041
99,normal_082,,test_012
100,normal_038,,test_021
101,tumor_081,,test_011
102,tumor_012,,test_066
103,tumor_054,,test_124
104,tumor_004,,test_070
105,tumor_038,,test_038
106,normal_127,,test_059
107,normal_047,,test_060
108,normal_018,,test_108
109,normal_040,,test_067
110,normal_034,,test_109
111,tumor_085,,test_046
112,tumor_070,,test_118
113,normal_096,,test_022
114,tumor_069,,test_016
115,normal_008,,test_047
116,normal_116,,test_039
117,normal_068,,test_119
118,tumor_078,,test_001
119,normal_001,,test_025
120,normal_120,,test_031
121,normal_076,,test_062
122,normal_139,,test_073
123,normal_010,,test_105
124,normal_053,,test_068
125,tumor_089,,test_017
126,tumor_083,,test_128
127,normal_009,,test_057
128,normal_032,,
129,tumor_072,,
130,normal_118,,
131,tumor_011,,
132,tumor_008,,
133,normal_021,,
134,tumor_015,,
135,normal_070,,
136,normal_081,,
137,tumor_055,,
138,normal_124,,
139,normal_073,,
140,normal_138,,
141,tumor_057,,
142,normal_043,,
143,normal_111,,
144,normal_083,,
145,normal_045,,
146,tumor_079,,
147,normal_022,,
148,normal_145,,
149,tumor_064,,
150,tumor_037,,
151,tumor_049,,
152,tumor_077,,
153,normal_074,,
154,normal_093,,
155,tumor_092,,
156,tumor_110,,
157,tumor_027,,
158,normal_154,,
159,normal_005,,
160,normal_131,,
161,tumor_046,,
162,tumor_043,,
163,normal_106,,
164,tumor_096,,
165,normal_091,,
166,tumor_084,,
167,normal_122,,
168,normal_140,,
169,tumor_016,,
170,normal_126,,
171,normal_121,,
172,tumor_109,,
173,tumor_021,,
174,normal_085,,
175,normal_109,,
176,tumor_022,,
177,normal_133,,
178,normal_129,,
179,normal_101,,
180,tumor_105,,
181,normal_098,,
182,normal_114,,
183,normal_147,,
184,normal_062,,
185,normal_065,,
186,tumor_075,,
187,normal_132,,
188,normal_063,,
189,tumor_062,,
190,tumor_040,,
191,normal_016,,
192,normal_006,,
193,tumor_013,,
194,tumor_036,,
195,tumor_106,,
196,tumor_099,,
197,tumor_076,,
198,normal_061,,
199,tumor_086,,
200,normal_033,,
201,normal_119,,
202,normal_144,,
203,normal_028,,
204,normal_141,,
205,tumor_097,,
206,normal_156,,
207,tumor_047,,
208,normal_102,,
209,normal_035,,
210,normal_064,,
211,normal_095,,
212,tumor_006,,
213,normal_069,,
