task_group	dataset	model	mode	split	seed
mfe	16	mean		0	1
mfe	16	mean		0	2
mfe	16	mean		0	3
mfe	16	mean		0	4
mfe	16	mean		0	5
mfe	16	mean		1	1
mfe	16	mean		1	2
mfe	16	mean		1	3
mfe	16	mean		1	4
mfe	16	mean		1	5
mfe	16	mean		2	1
mfe	16	mean		2	2
mfe	16	mean		2	3
mfe	16	mean		2	4
mfe	16	mean		2	5
mfe	17	mean		1	1
mfe	17	mean		1	2
mfe	17	mean		1	3
mfe	17	mean		1	4
mfe	17	mean		1	5
mfe	17	mean		2	1
mfe	17	mean		2	2
mfe	17	mean		2	3
mfe	17	mean		2	4
mfe	17	mean		2	5
mfe	17	mean		3	1
mfe	17	mean		3	2
mfe	17	mean		3	3
mfe	17	mean		3	4
mfe	17	mean		3	5
mfe	panda	mean		0	1
mfe	panda	mean		0	2
mfe	panda	mean		0	3
mfe	panda	mean		0	4
mfe	panda	mean		0	5
mfe	panda	mean		1	1
mfe	panda	mean		1	2
mfe	panda	mean		1	3
mfe	panda	mean		1	4
mfe	panda	mean		1	5
mfe	panda	mean		2	1
mfe	panda	mean		2	2
mfe	panda	mean		2	3
mfe	panda	mean		2	4
mfe	panda	mean		2	5
mfe	brca	mean		0	1
mfe	brca	mean		0	2
mfe	brca	mean		0	3
mfe	brca	mean		0	4
mfe	brca	mean		0	5
mfe	brca	mean		1	1
mfe	brca	mean		1	2
mfe	brca	mean		1	3
mfe	brca	mean		1	4
mfe	brca	mean		1	5
mfe	brca	mean		2	1
mfe	brca	mean		2	2
mfe	brca	mean		2	3
mfe	brca	mean		2	4
mfe	brca	mean		2	5
mfe	16	max		0	1
mfe	16	max		0	2
mfe	16	max		0	3
mfe	16	max		0	4
mfe	16	max		0	5
mfe	16	max		1	1
mfe	16	max		1	2
mfe	16	max		1	3
mfe	16	max		1	4
mfe	16	max		1	5
mfe	16	max		2	1
mfe	16	max		2	2
mfe	16	max		2	3
mfe	16	max		2	4
mfe	16	max		2	5
mfe	17	max		1	1
mfe	17	max		1	2
mfe	17	max		1	3
mfe	17	max		1	4
mfe	17	max		1	5
mfe	17	max		2	1
mfe	17	max		2	2
mfe	17	max		2	3
mfe	17	max		2	4
mfe	17	max		2	5
mfe	17	max		3	1
mfe	17	max		3	2
mfe	17	max		3	3
mfe	17	max		3	4
mfe	17	max		3	5
mfe	panda	max		0	1
mfe	panda	max		0	2
mfe	panda	max		0	3
mfe	panda	max		0	4
mfe	panda	max		0	5
mfe	panda	max		1	1
mfe	panda	max		1	2
mfe	panda	max		1	3
mfe	panda	max		1	4
mfe	panda	max		1	5
mfe	panda	max		2	1
mfe	panda	max		2	2
mfe	panda	max		2	3
mfe	panda	max		2	4
mfe	panda	max		2	5
mfe	brca	max		0	1
mfe	brca	max		0	2
mfe	brca	max		0	3
mfe	brca	max		0	4
mfe	brca	max		0	5
mfe	brca	max		1	1
mfe	brca	max		1	2
mfe	brca	max		1	3
mfe	brca	max		1	4
mfe	brca	max		1	5
mfe	brca	max		2	1
mfe	brca	max		2	2
mfe	brca	max		2	3
mfe	brca	max		2	4
mfe	brca	max		2	5
mfe	16	att		0	1
mfe	16	att		0	2
mfe	16	att		0	3
mfe	16	att		0	4
mfe	16	att		0	5
mfe	16	att		1	1
mfe	16	att		1	2
mfe	16	att		1	3
mfe	16	att		1	4
mfe	16	att		1	5
mfe	16	att		2	1
mfe	16	att		2	2
mfe	16	att		2	3
mfe	16	att		2	4
mfe	16	att		2	5
mfe	17	att		1	1
mfe	17	att		1	2
mfe	17	att		1	3
mfe	17	att		1	4
mfe	17	att		1	5
mfe	17	att		2	1
mfe	17	att		2	2
mfe	17	att		2	3
mfe	17	att		2	4
mfe	17	att		2	5
mfe	17	att		3	1
mfe	17	att		3	2
mfe	17	att		3	3
mfe	17	att		3	4
mfe	17	att		3	5
mfe	panda	att		0	1
mfe	panda	att		0	2
mfe	panda	att		0	3
mfe	panda	att		0	4
mfe	panda	att		0	5
mfe	panda	att		1	1
mfe	panda	att		1	2
mfe	panda	att		1	3
mfe	panda	att		1	4
mfe	panda	att		1	5
mfe	panda	att		2	1
mfe	panda	att		2	2
mfe	panda	att		2	3
mfe	panda	att		2	4
mfe	panda	att		2	5
mfe	brca	att		0	1
mfe	brca	att		0	2
mfe	brca	att		0	3
mfe	brca	att		0	4
mfe	brca	att		0	5
mfe	brca	att		1	1
mfe	brca	att		1	2
mfe	brca	att		1	3
mfe	brca	att		1	4
mfe	brca	att		1	5
mfe	brca	att		2	1
mfe	brca	att		2	2
mfe	brca	att		2	3
mfe	brca	att		2	4
mfe	brca	att		2	5
mfe	16	clam_sb		0	1
mfe	16	clam_sb		0	2
mfe	16	clam_sb		0	3
mfe	16	clam_sb		0	4
mfe	16	clam_sb		0	5
mfe	16	clam_sb		1	1
mfe	16	clam_sb		1	2
mfe	16	clam_sb		1	3
mfe	16	clam_sb		1	4
mfe	16	clam_sb		1	5
mfe	16	clam_sb		2	1
mfe	16	clam_sb		2	2
mfe	16	clam_sb		2	3
mfe	16	clam_sb		2	4
mfe	16	clam_sb		2	5
mfe	17	clam_sb		1	1
mfe	17	clam_sb		1	2
mfe	17	clam_sb		1	3
mfe	17	clam_sb		1	4
mfe	17	clam_sb		1	5
mfe	17	clam_sb		2	1
mfe	17	clam_sb		2	2
mfe	17	clam_sb		2	3
mfe	17	clam_sb		2	4
mfe	17	clam_sb		2	5
mfe	17	clam_sb		3	1
mfe	17	clam_sb		3	2
mfe	17	clam_sb		3	3
mfe	17	clam_sb		3	4
mfe	17	clam_sb		3	5
mfe	panda	clam_sb		0	1
mfe	panda	clam_sb		0	2
mfe	panda	clam_sb		0	3
mfe	panda	clam_sb		0	4
mfe	panda	clam_sb		0	5
mfe	panda	clam_sb		1	1
mfe	panda	clam_sb		1	2
mfe	panda	clam_sb		1	3
mfe	panda	clam_sb		1	4
mfe	panda	clam_sb		1	5
mfe	panda	clam_sb		2	1
mfe	panda	clam_sb		2	2
mfe	panda	clam_sb		2	3
mfe	panda	clam_sb		2	4
mfe	panda	clam_sb		2	5
mfe	brca	clam_sb		0	1
mfe	brca	clam_sb		0	2
mfe	brca	clam_sb		0	3
mfe	brca	clam_sb		0	4
mfe	brca	clam_sb		0	5
mfe	brca	clam_sb		1	1
mfe	brca	clam_sb		1	2
mfe	brca	clam_sb		1	3
mfe	brca	clam_sb		1	4
mfe	brca	clam_sb		1	5
mfe	brca	clam_sb		2	1
mfe	brca	clam_sb		2	2
mfe	brca	clam_sb		2	3
mfe	brca	clam_sb		2	4
mfe	brca	clam_sb		2	5
mfe	16	clam_mb		0	1
mfe	16	clam_mb		0	2
mfe	16	clam_mb		0	3
mfe	16	clam_mb		0	4
mfe	16	clam_mb		0	5
mfe	16	clam_mb		1	1
mfe	16	clam_mb		1	2
mfe	16	clam_mb		1	3
mfe	16	clam_mb		1	4
mfe	16	clam_mb		1	5
mfe	16	clam_mb		2	1
mfe	16	clam_mb		2	2
mfe	16	clam_mb		2	3
mfe	16	clam_mb		2	4
mfe	16	clam_mb		2	5
mfe	17	clam_mb		1	1
mfe	17	clam_mb		1	2
mfe	17	clam_mb		1	3
mfe	17	clam_mb		1	4
mfe	17	clam_mb		1	5
mfe	17	clam_mb		2	1
mfe	17	clam_mb		2	2
mfe	17	clam_mb		2	3
mfe	17	clam_mb		2	4
mfe	17	clam_mb		2	5
mfe	17	clam_mb		3	1
mfe	17	clam_mb		3	2
mfe	17	clam_mb		3	3
mfe	17	clam_mb		3	4
mfe	17	clam_mb		3	5
mfe	panda	clam_mb		0	1
mfe	panda	clam_mb		0	2
mfe	panda	clam_mb		0	3
mfe	panda	clam_mb		0	4
mfe	panda	clam_mb		0	5
mfe	panda	clam_mb		1	1
mfe	panda	clam_mb		1	2
mfe	panda	clam_mb		1	3
mfe	panda	clam_mb		1	4
mfe	panda	clam_mb		1	5
mfe	panda	clam_mb		2	1
mfe	panda	clam_mb		2	2
mfe	panda	clam_mb		2	3
mfe	panda	clam_mb		2	4
mfe	panda	clam_mb		2	5
mfe	brca	clam_mb		0	1
mfe	brca	clam_mb		0	2
mfe	brca	clam_mb		0	3
mfe	brca	clam_mb		0	4
mfe	brca	clam_mb		0	5
mfe	brca	clam_mb		1	1
mfe	brca	clam_mb		1	2
mfe	brca	clam_mb		1	3
mfe	brca	clam_mb		1	4
mfe	brca	clam_mb		1	5
mfe	brca	clam_mb		2	1
mfe	brca	clam_mb		2	2
mfe	brca	clam_mb		2	3
mfe	brca	clam_mb		2	4
mfe	brca	clam_mb		2	5
