task_group	dataset	model	mode	split	seed
survival	KIRC	mean	pure_mil	0	1
survival	KIRC	mean	pure_mil	0	2
survival	KIRC	mean	pure_mil	0	3
survival	KIRC	mean	pure_mil	0	4
survival	KIRC	mean	pure_mil	0	5
survival	KIRC	mean	pure_mil	1	1
survival	KIRC	mean	pure_mil	1	2
survival	KIRC	mean	pure_mil	1	3
survival	KIRC	mean	pure_mil	1	4
survival	KIRC	mean	pure_mil	1	5
survival	KIRC	mean	pure_mil	2	1
survival	KIRC	mean	pure_mil	2	2
survival	KIRC	mean	pure_mil	2	3
survival	KIRC	mean	pure_mil	2	4
survival	KIRC	mean	pure_mil	2	5
survival	KIRP	mean	pure_mil	0	1
survival	KIRP	mean	pure_mil	0	2
survival	KIRP	mean	pure_mil	0	3
survival	KIRP	mean	pure_mil	0	4
survival	KIRP	mean	pure_mil	0	5
survival	KIRP	mean	pure_mil	1	1
survival	KIRP	mean	pure_mil	1	2
survival	KIRP	mean	pure_mil	1	3
survival	KIRP	mean	pure_mil	1	4
survival	KIRP	mean	pure_mil	1	5
survival	KIRP	mean	pure_mil	2	1
survival	KIRP	mean	pure_mil	2	2
survival	KIRP	mean	pure_mil	2	3
survival	KIRP	mean	pure_mil	2	4
survival	KIRP	mean	pure_mil	2	5
survival	LUAD	mean	pure_mil	0	1
survival	LUAD	mean	pure_mil	0	2
survival	LUAD	mean	pure_mil	0	3
survival	LUAD	mean	pure_mil	0	4
survival	LUAD	mean	pure_mil	0	5
survival	LUAD	mean	pure_mil	1	1
survival	LUAD	mean	pure_mil	1	2
survival	LUAD	mean	pure_mil	1	3
survival	LUAD	mean	pure_mil	1	4
survival	LUAD	mean	pure_mil	1	5
survival	LUAD	mean	pure_mil	2	1
survival	LUAD	mean	pure_mil	2	2
survival	LUAD	mean	pure_mil	2	3
survival	LUAD	mean	pure_mil	2	4
survival	LUAD	mean	pure_mil	2	5
survival	STAD	mean	pure_mil	0	1
survival	STAD	mean	pure_mil	0	2
survival	STAD	mean	pure_mil	0	3
survival	STAD	mean	pure_mil	0	4
survival	STAD	mean	pure_mil	0	5
survival	STAD	mean	pure_mil	1	1
survival	STAD	mean	pure_mil	1	2
survival	STAD	mean	pure_mil	1	3
survival	STAD	mean	pure_mil	1	4
survival	STAD	mean	pure_mil	1	5
survival	STAD	mean	pure_mil	2	1
survival	STAD	mean	pure_mil	2	2
survival	STAD	mean	pure_mil	2	3
survival	STAD	mean	pure_mil	2	4
survival	STAD	mean	pure_mil	2	5
survival	UCEC	mean	pure_mil	0	1
survival	UCEC	mean	pure_mil	0	2
survival	UCEC	mean	pure_mil	0	3
survival	UCEC	mean	pure_mil	0	4
survival	UCEC	mean	pure_mil	0	5
survival	UCEC	mean	pure_mil	1	1
survival	UCEC	mean	pure_mil	1	2
survival	UCEC	mean	pure_mil	1	3
survival	UCEC	mean	pure_mil	1	4
survival	UCEC	mean	pure_mil	1	5
survival	UCEC	mean	pure_mil	2	1
survival	UCEC	mean	pure_mil	2	2
survival	UCEC	mean	pure_mil	2	3
survival	UCEC	mean	pure_mil	2	4
survival	UCEC	mean	pure_mil	2	5
survival	KIRC	max	pure_mil	0	1
survival	KIRC	max	pure_mil	0	2
survival	KIRC	max	pure_mil	0	3
survival	KIRC	max	pure_mil	0	4
survival	KIRC	max	pure_mil	0	5
survival	KIRC	max	pure_mil	1	1
survival	KIRC	max	pure_mil	1	2
survival	KIRC	max	pure_mil	1	3
survival	KIRC	max	pure_mil	1	4
survival	KIRC	max	pure_mil	1	5
survival	KIRC	max	pure_mil	2	1
survival	KIRC	max	pure_mil	2	2
survival	KIRC	max	pure_mil	2	3
survival	KIRC	max	pure_mil	2	4
survival	KIRC	max	pure_mil	2	5
survival	KIRP	max	pure_mil	0	1
survival	KIRP	max	pure_mil	0	2
survival	KIRP	max	pure_mil	0	3
survival	KIRP	max	pure_mil	0	4
survival	KIRP	max	pure_mil	0	5
survival	KIRP	max	pure_mil	1	1
survival	KIRP	max	pure_mil	1	2
survival	KIRP	max	pure_mil	1	3
survival	KIRP	max	pure_mil	1	4
survival	KIRP	max	pure_mil	1	5
survival	KIRP	max	pure_mil	2	1
survival	KIRP	max	pure_mil	2	2
survival	KIRP	max	pure_mil	2	3
survival	KIRP	max	pure_mil	2	4
survival	KIRP	max	pure_mil	2	5
survival	LUAD	max	pure_mil	0	1
survival	LUAD	max	pure_mil	0	2
survival	LUAD	max	pure_mil	0	3
survival	LUAD	max	pure_mil	0	4
survival	LUAD	max	pure_mil	0	5
survival	LUAD	max	pure_mil	1	1
survival	LUAD	max	pure_mil	1	2
survival	LUAD	max	pure_mil	1	3
survival	LUAD	max	pure_mil	1	4
survival	LUAD	max	pure_mil	1	5
survival	LUAD	max	pure_mil	2	1
survival	LUAD	max	pure_mil	2	2
survival	LUAD	max	pure_mil	2	3
survival	LUAD	max	pure_mil	2	4
survival	LUAD	max	pure_mil	2	5
survival	STAD	max	pure_mil	0	1
survival	STAD	max	pure_mil	0	2
survival	STAD	max	pure_mil	0	3
survival	STAD	max	pure_mil	0	4
survival	STAD	max	pure_mil	0	5
survival	STAD	max	pure_mil	1	1
survival	STAD	max	pure_mil	1	2
survival	STAD	max	pure_mil	1	3
survival	STAD	max	pure_mil	1	4
survival	STAD	max	pure_mil	1	5
survival	STAD	max	pure_mil	2	1
survival	STAD	max	pure_mil	2	2
survival	STAD	max	pure_mil	2	3
survival	STAD	max	pure_mil	2	4
survival	STAD	max	pure_mil	2	5
survival	UCEC	max	pure_mil	0	1
survival	UCEC	max	pure_mil	0	2
survival	UCEC	max	pure_mil	0	3
survival	UCEC	max	pure_mil	0	4
survival	UCEC	max	pure_mil	0	5
survival	UCEC	max	pure_mil	1	1
survival	UCEC	max	pure_mil	1	2
survival	UCEC	max	pure_mil	1	3
survival	UCEC	max	pure_mil	1	4
survival	UCEC	max	pure_mil	1	5
survival	UCEC	max	pure_mil	2	1
survival	UCEC	max	pure_mil	2	2
survival	UCEC	max	pure_mil	2	3
survival	UCEC	max	pure_mil	2	4
survival	UCEC	max	pure_mil	2	5
survival	KIRC	att	pure_mil	0	1
survival	KIRC	att	pure_mil	0	2
survival	KIRC	att	pure_mil	0	3
survival	KIRC	att	pure_mil	0	4
survival	KIRC	att	pure_mil	0	5
survival	KIRC	att	pure_mil	1	1
survival	KIRC	att	pure_mil	1	2
survival	KIRC	att	pure_mil	1	3
survival	KIRC	att	pure_mil	1	4
survival	KIRC	att	pure_mil	1	5
survival	KIRC	att	pure_mil	2	1
survival	KIRC	att	pure_mil	2	2
survival	KIRC	att	pure_mil	2	3
survival	KIRC	att	pure_mil	2	4
survival	KIRC	att	pure_mil	2	5
survival	KIRP	att	pure_mil	0	1
survival	KIRP	att	pure_mil	0	2
survival	KIRP	att	pure_mil	0	3
survival	KIRP	att	pure_mil	0	4
survival	KIRP	att	pure_mil	0	5
survival	KIRP	att	pure_mil	1	1
survival	KIRP	att	pure_mil	1	2
survival	KIRP	att	pure_mil	1	3
survival	KIRP	att	pure_mil	1	4
survival	KIRP	att	pure_mil	1	5
survival	KIRP	att	pure_mil	2	1
survival	KIRP	att	pure_mil	2	2
survival	KIRP	att	pure_mil	2	3
survival	KIRP	att	pure_mil	2	4
survival	KIRP	att	pure_mil	2	5
survival	LUAD	att	pure_mil	0	1
survival	LUAD	att	pure_mil	0	2
survival	LUAD	att	pure_mil	0	3
survival	LUAD	att	pure_mil	0	4
survival	LUAD	att	pure_mil	0	5
survival	LUAD	att	pure_mil	1	1
survival	LUAD	att	pure_mil	1	2
survival	LUAD	att	pure_mil	1	3
survival	LUAD	att	pure_mil	1	4
survival	LUAD	att	pure_mil	1	5
survival	LUAD	att	pure_mil	2	1
survival	LUAD	att	pure_mil	2	2
survival	LUAD	att	pure_mil	2	3
survival	LUAD	att	pure_mil	2	4
survival	LUAD	att	pure_mil	2	5
survival	STAD	att	pure_mil	0	1
survival	STAD	att	pure_mil	0	2
survival	STAD	att	pure_mil	0	3
survival	STAD	att	pure_mil	0	4
survival	STAD	att	pure_mil	0	5
survival	STAD	att	pure_mil	1	1
survival	STAD	att	pure_mil	1	2
survival	STAD	att	pure_mil	1	3
survival	STAD	att	pure_mil	1	4
survival	STAD	att	pure_mil	1	5
survival	STAD	att	pure_mil	2	1
survival	STAD	att	pure_mil	2	2
survival	STAD	att	pure_mil	2	3
survival	STAD	att	pure_mil	2	4
survival	STAD	att	pure_mil	2	5
survival	UCEC	att	pure_mil	0	1
survival	UCEC	att	pure_mil	0	2
survival	UCEC	att	pure_mil	0	3
survival	UCEC	att	pure_mil	0	4
survival	UCEC	att	pure_mil	0	5
survival	UCEC	att	pure_mil	1	1
survival	UCEC	att	pure_mil	1	2
survival	UCEC	att	pure_mil	1	3
survival	UCEC	att	pure_mil	1	4
survival	UCEC	att	pure_mil	1	5
survival	UCEC	att	pure_mil	2	1
survival	UCEC	att	pure_mil	2	2
survival	UCEC	att	pure_mil	2	3
survival	UCEC	att	pure_mil	2	4
survival	UCEC	att	pure_mil	2	5
survival	KIRC	clam_sb	pure_mil	0	1
survival	KIRC	clam_sb	pure_mil	0	2
survival	KIRC	clam_sb	pure_mil	0	3
survival	KIRC	clam_sb	pure_mil	0	4
survival	KIRC	clam_sb	pure_mil	0	5
survival	KIRC	clam_sb	pure_mil	1	1
survival	KIRC	clam_sb	pure_mil	1	2
survival	KIRC	clam_sb	pure_mil	1	3
survival	KIRC	clam_sb	pure_mil	1	4
survival	KIRC	clam_sb	pure_mil	1	5
survival	KIRC	clam_sb	pure_mil	2	1
survival	KIRC	clam_sb	pure_mil	2	2
survival	KIRC	clam_sb	pure_mil	2	3
survival	KIRC	clam_sb	pure_mil	2	4
survival	KIRC	clam_sb	pure_mil	2	5
survival	KIRP	clam_sb	pure_mil	0	1
survival	KIRP	clam_sb	pure_mil	0	2
survival	KIRP	clam_sb	pure_mil	0	3
survival	KIRP	clam_sb	pure_mil	0	4
survival	KIRP	clam_sb	pure_mil	0	5
survival	KIRP	clam_sb	pure_mil	1	1
survival	KIRP	clam_sb	pure_mil	1	2
survival	KIRP	clam_sb	pure_mil	1	3
survival	KIRP	clam_sb	pure_mil	1	4
survival	KIRP	clam_sb	pure_mil	1	5
survival	KIRP	clam_sb	pure_mil	2	1
survival	KIRP	clam_sb	pure_mil	2	2
survival	KIRP	clam_sb	pure_mil	2	3
survival	KIRP	clam_sb	pure_mil	2	4
survival	KIRP	clam_sb	pure_mil	2	5
survival	LUAD	clam_sb	pure_mil	0	1
survival	LUAD	clam_sb	pure_mil	0	2
survival	LUAD	clam_sb	pure_mil	0	3
survival	LUAD	clam_sb	pure_mil	0	4
survival	LUAD	clam_sb	pure_mil	0	5
survival	LUAD	clam_sb	pure_mil	1	1
survival	LUAD	clam_sb	pure_mil	1	2
survival	LUAD	clam_sb	pure_mil	1	3
survival	LUAD	clam_sb	pure_mil	1	4
survival	LUAD	clam_sb	pure_mil	1	5
survival	LUAD	clam_sb	pure_mil	2	1
survival	LUAD	clam_sb	pure_mil	2	2
survival	LUAD	clam_sb	pure_mil	2	3
survival	LUAD	clam_sb	pure_mil	2	4
survival	LUAD	clam_sb	pure_mil	2	5
survival	STAD	clam_sb	pure_mil	0	1
survival	STAD	clam_sb	pure_mil	0	2
survival	STAD	clam_sb	pure_mil	0	3
survival	STAD	clam_sb	pure_mil	0	4
survival	STAD	clam_sb	pure_mil	0	5
survival	STAD	clam_sb	pure_mil	1	1
survival	STAD	clam_sb	pure_mil	1	2
survival	STAD	clam_sb	pure_mil	1	3
survival	STAD	clam_sb	pure_mil	1	4
survival	STAD	clam_sb	pure_mil	1	5
survival	STAD	clam_sb	pure_mil	2	1
survival	STAD	clam_sb	pure_mil	2	2
survival	STAD	clam_sb	pure_mil	2	3
survival	STAD	clam_sb	pure_mil	2	4
survival	STAD	clam_sb	pure_mil	2	5
survival	UCEC	clam_sb	pure_mil	0	1
survival	UCEC	clam_sb	pure_mil	0	2
survival	UCEC	clam_sb	pure_mil	0	3
survival	UCEC	clam_sb	pure_mil	0	4
survival	UCEC	clam_sb	pure_mil	0	5
survival	UCEC	clam_sb	pure_mil	1	1
survival	UCEC	clam_sb	pure_mil	1	2
survival	UCEC	clam_sb	pure_mil	1	3
survival	UCEC	clam_sb	pure_mil	1	4
survival	UCEC	clam_sb	pure_mil	1	5
survival	UCEC	clam_sb	pure_mil	2	1
survival	UCEC	clam_sb	pure_mil	2	2
survival	UCEC	clam_sb	pure_mil	2	3
survival	UCEC	clam_sb	pure_mil	2	4
survival	UCEC	clam_sb	pure_mil	2	5
survival	KIRC	clam_mb	pure_mil	0	1
survival	KIRC	clam_mb	pure_mil	0	2
survival	KIRC	clam_mb	pure_mil	0	3
survival	KIRC	clam_mb	pure_mil	0	4
survival	KIRC	clam_mb	pure_mil	0	5
survival	KIRC	clam_mb	pure_mil	1	1
survival	KIRC	clam_mb	pure_mil	1	2
survival	KIRC	clam_mb	pure_mil	1	3
survival	KIRC	clam_mb	pure_mil	1	4
survival	KIRC	clam_mb	pure_mil	1	5
survival	KIRC	clam_mb	pure_mil	2	1
survival	KIRC	clam_mb	pure_mil	2	2
survival	KIRC	clam_mb	pure_mil	2	3
survival	KIRC	clam_mb	pure_mil	2	4
survival	KIRC	clam_mb	pure_mil	2	5
survival	KIRP	clam_mb	pure_mil	0	1
survival	KIRP	clam_mb	pure_mil	0	2
survival	KIRP	clam_mb	pure_mil	0	3
survival	KIRP	clam_mb	pure_mil	0	4
survival	KIRP	clam_mb	pure_mil	0	5
survival	KIRP	clam_mb	pure_mil	1	1
survival	KIRP	clam_mb	pure_mil	1	2
survival	KIRP	clam_mb	pure_mil	1	3
survival	KIRP	clam_mb	pure_mil	1	4
survival	KIRP	clam_mb	pure_mil	1	5
survival	KIRP	clam_mb	pure_mil	2	1
survival	KIRP	clam_mb	pure_mil	2	2
survival	KIRP	clam_mb	pure_mil	2	3
survival	KIRP	clam_mb	pure_mil	2	4
survival	KIRP	clam_mb	pure_mil	2	5
survival	LUAD	clam_mb	pure_mil	0	1
survival	LUAD	clam_mb	pure_mil	0	2
survival	LUAD	clam_mb	pure_mil	0	3
survival	LUAD	clam_mb	pure_mil	0	4
survival	LUAD	clam_mb	pure_mil	0	5
survival	LUAD	clam_mb	pure_mil	1	1
survival	LUAD	clam_mb	pure_mil	1	2
survival	LUAD	clam_mb	pure_mil	1	3
survival	LUAD	clam_mb	pure_mil	1	4
survival	LUAD	clam_mb	pure_mil	1	5
survival	LUAD	clam_mb	pure_mil	2	1
survival	LUAD	clam_mb	pure_mil	2	2
survival	LUAD	clam_mb	pure_mil	2	3
survival	LUAD	clam_mb	pure_mil	2	4
survival	LUAD	clam_mb	pure_mil	2	5
survival	STAD	clam_mb	pure_mil	0	1
survival	STAD	clam_mb	pure_mil	0	2
survival	STAD	clam_mb	pure_mil	0	3
survival	STAD	clam_mb	pure_mil	0	4
survival	STAD	clam_mb	pure_mil	0	5
survival	STAD	clam_mb	pure_mil	1	1
survival	STAD	clam_mb	pure_mil	1	2
survival	STAD	clam_mb	pure_mil	1	3
survival	STAD	clam_mb	pure_mil	1	4
survival	STAD	clam_mb	pure_mil	1	5
survival	STAD	clam_mb	pure_mil	2	1
survival	STAD	clam_mb	pure_mil	2	2
survival	STAD	clam_mb	pure_mil	2	3
survival	STAD	clam_mb	pure_mil	2	4
survival	STAD	clam_mb	pure_mil	2	5
survival	UCEC	clam_mb	pure_mil	0	1
survival	UCEC	clam_mb	pure_mil	0	2
survival	UCEC	clam_mb	pure_mil	0	3
survival	UCEC	clam_mb	pure_mil	0	4
survival	UCEC	clam_mb	pure_mil	0	5
survival	UCEC	clam_mb	pure_mil	1	1
survival	UCEC	clam_mb	pure_mil	1	2
survival	UCEC	clam_mb	pure_mil	1	3
survival	UCEC	clam_mb	pure_mil	1	4
survival	UCEC	clam_mb	pure_mil	1	5
survival	UCEC	clam_mb	pure_mil	2	1
survival	UCEC	clam_mb	pure_mil	2	2
survival	UCEC	clam_mb	pure_mil	2	3
survival	UCEC	clam_mb	pure_mil	2	4
survival	UCEC	clam_mb	pure_mil	2	5
survival	KIRC	trans	pure_mil	0	1
survival	KIRC	trans	pure_mil	0	2
survival	KIRC	trans	pure_mil	0	3
survival	KIRC	trans	pure_mil	0	4
survival	KIRC	trans	pure_mil	0	5
survival	KIRC	trans	pure_mil	1	1
survival	KIRC	trans	pure_mil	1	2
survival	KIRC	trans	pure_mil	1	3
survival	KIRC	trans	pure_mil	1	4
survival	KIRC	trans	pure_mil	1	5
survival	KIRC	trans	pure_mil	2	1
survival	KIRC	trans	pure_mil	2	2
survival	KIRC	trans	pure_mil	2	3
survival	KIRC	trans	pure_mil	2	4
survival	KIRC	trans	pure_mil	2	5
survival	KIRP	trans	pure_mil	0	1
survival	KIRP	trans	pure_mil	0	2
survival	KIRP	trans	pure_mil	0	3
survival	KIRP	trans	pure_mil	0	4
survival	KIRP	trans	pure_mil	0	5
survival	KIRP	trans	pure_mil	1	1
survival	KIRP	trans	pure_mil	1	2
survival	KIRP	trans	pure_mil	1	3
survival	KIRP	trans	pure_mil	1	4
survival	KIRP	trans	pure_mil	1	5
survival	KIRP	trans	pure_mil	2	1
survival	KIRP	trans	pure_mil	2	2
survival	KIRP	trans	pure_mil	2	3
survival	KIRP	trans	pure_mil	2	4
survival	KIRP	trans	pure_mil	2	5
survival	LUAD	trans	pure_mil	0	1
survival	LUAD	trans	pure_mil	0	2
survival	LUAD	trans	pure_mil	0	3
survival	LUAD	trans	pure_mil	0	4
survival	LUAD	trans	pure_mil	0	5
survival	LUAD	trans	pure_mil	1	1
survival	LUAD	trans	pure_mil	1	2
survival	LUAD	trans	pure_mil	1	3
survival	LUAD	trans	pure_mil	1	4
survival	LUAD	trans	pure_mil	1	5
survival	LUAD	trans	pure_mil	2	1
survival	LUAD	trans	pure_mil	2	2
survival	LUAD	trans	pure_mil	2	3
survival	LUAD	trans	pure_mil	2	4
survival	LUAD	trans	pure_mil	2	5
survival	STAD	trans	pure_mil	0	1
survival	STAD	trans	pure_mil	0	2
survival	STAD	trans	pure_mil	0	3
survival	STAD	trans	pure_mil	0	4
survival	STAD	trans	pure_mil	0	5
survival	STAD	trans	pure_mil	1	1
survival	STAD	trans	pure_mil	1	2
survival	STAD	trans	pure_mil	1	3
survival	STAD	trans	pure_mil	1	4
survival	STAD	trans	pure_mil	1	5
survival	STAD	trans	pure_mil	2	1
survival	STAD	trans	pure_mil	2	2
survival	STAD	trans	pure_mil	2	3
survival	STAD	trans	pure_mil	2	4
survival	STAD	trans	pure_mil	2	5
survival	UCEC	trans	pure_mil	0	1
survival	UCEC	trans	pure_mil	0	2
survival	UCEC	trans	pure_mil	0	3
survival	UCEC	trans	pure_mil	0	4
survival	UCEC	trans	pure_mil	0	5
survival	UCEC	trans	pure_mil	1	1
survival	UCEC	trans	pure_mil	1	2
survival	UCEC	trans	pure_mil	1	3
survival	UCEC	trans	pure_mil	1	4
survival	UCEC	trans	pure_mil	1	5
survival	UCEC	trans	pure_mil	2	1
survival	UCEC	trans	pure_mil	2	2
survival	UCEC	trans	pure_mil	2	3
survival	UCEC	trans	pure_mil	2	4
survival	UCEC	trans	pure_mil	2	5
survival	KIRC	mean	mfe	0	1
survival	KIRC	mean	mfe	0	2
survival	KIRC	mean	mfe	0	3
survival	KIRC	mean	mfe	0	4
survival	KIRC	mean	mfe	0	5
survival	KIRC	mean	mfe	1	1
survival	KIRC	mean	mfe	1	2
survival	KIRC	mean	mfe	1	3
survival	KIRC	mean	mfe	1	4
survival	KIRC	mean	mfe	1	5
survival	KIRC	mean	mfe	2	1
survival	KIRC	mean	mfe	2	2
survival	KIRC	mean	mfe	2	3
survival	KIRC	mean	mfe	2	4
survival	KIRC	mean	mfe	2	5
survival	KIRP	mean	mfe	0	1
survival	KIRP	mean	mfe	0	2
survival	KIRP	mean	mfe	0	3
survival	KIRP	mean	mfe	0	4
survival	KIRP	mean	mfe	0	5
survival	KIRP	mean	mfe	1	1
survival	KIRP	mean	mfe	1	2
survival	KIRP	mean	mfe	1	3
survival	KIRP	mean	mfe	1	4
survival	KIRP	mean	mfe	1	5
survival	KIRP	mean	mfe	2	1
survival	KIRP	mean	mfe	2	2
survival	KIRP	mean	mfe	2	3
survival	KIRP	mean	mfe	2	4
survival	KIRP	mean	mfe	2	5
survival	LUAD	mean	mfe	0	1
survival	LUAD	mean	mfe	0	2
survival	LUAD	mean	mfe	0	3
survival	LUAD	mean	mfe	0	4
survival	LUAD	mean	mfe	0	5
survival	LUAD	mean	mfe	1	1
survival	LUAD	mean	mfe	1	2
survival	LUAD	mean	mfe	1	3
survival	LUAD	mean	mfe	1	4
survival	LUAD	mean	mfe	1	5
survival	LUAD	mean	mfe	2	1
survival	LUAD	mean	mfe	2	2
survival	LUAD	mean	mfe	2	3
survival	LUAD	mean	mfe	2	4
survival	LUAD	mean	mfe	2	5
survival	STAD	mean	mfe	0	1
survival	STAD	mean	mfe	0	2
survival	STAD	mean	mfe	0	3
survival	STAD	mean	mfe	0	4
survival	STAD	mean	mfe	0	5
survival	STAD	mean	mfe	1	1
survival	STAD	mean	mfe	1	2
survival	STAD	mean	mfe	1	3
survival	STAD	mean	mfe	1	4
survival	STAD	mean	mfe	1	5
survival	STAD	mean	mfe	2	1
survival	STAD	mean	mfe	2	2
survival	STAD	mean	mfe	2	3
survival	STAD	mean	mfe	2	4
survival	STAD	mean	mfe	2	5
survival	UCEC	mean	mfe	0	1
survival	UCEC	mean	mfe	0	2
survival	UCEC	mean	mfe	0	3
survival	UCEC	mean	mfe	0	4
survival	UCEC	mean	mfe	0	5
survival	UCEC	mean	mfe	1	1
survival	UCEC	mean	mfe	1	2
survival	UCEC	mean	mfe	1	3
survival	UCEC	mean	mfe	1	4
survival	UCEC	mean	mfe	1	5
survival	UCEC	mean	mfe	2	1
survival	UCEC	mean	mfe	2	2
survival	UCEC	mean	mfe	2	3
survival	UCEC	mean	mfe	2	4
survival	UCEC	mean	mfe	2	5
survival	KIRC	max	mfe	0	1
survival	KIRC	max	mfe	0	2
survival	KIRC	max	mfe	0	3
survival	KIRC	max	mfe	0	4
survival	KIRC	max	mfe	0	5
survival	KIRC	max	mfe	1	1
survival	KIRC	max	mfe	1	2
survival	KIRC	max	mfe	1	3
survival	KIRC	max	mfe	1	4
survival	KIRC	max	mfe	1	5
survival	KIRC	max	mfe	2	1
survival	KIRC	max	mfe	2	2
survival	KIRC	max	mfe	2	3
survival	KIRC	max	mfe	2	4
survival	KIRC	max	mfe	2	5
survival	KIRP	max	mfe	0	1
survival	KIRP	max	mfe	0	2
survival	KIRP	max	mfe	0	3
survival	KIRP	max	mfe	0	4
survival	KIRP	max	mfe	0	5
survival	KIRP	max	mfe	1	1
survival	KIRP	max	mfe	1	2
survival	KIRP	max	mfe	1	3
survival	KIRP	max	mfe	1	4
survival	KIRP	max	mfe	1	5
survival	KIRP	max	mfe	2	1
survival	KIRP	max	mfe	2	2
survival	KIRP	max	mfe	2	3
survival	KIRP	max	mfe	2	4
survival	KIRP	max	mfe	2	5
survival	LUAD	max	mfe	0	1
survival	LUAD	max	mfe	0	2
survival	LUAD	max	mfe	0	3
survival	LUAD	max	mfe	0	4
survival	LUAD	max	mfe	0	5
survival	LUAD	max	mfe	1	1
survival	LUAD	max	mfe	1	2
survival	LUAD	max	mfe	1	3
survival	LUAD	max	mfe	1	4
survival	LUAD	max	mfe	1	5
survival	LUAD	max	mfe	2	1
survival	LUAD	max	mfe	2	2
survival	LUAD	max	mfe	2	3
survival	LUAD	max	mfe	2	4
survival	LUAD	max	mfe	2	5
survival	STAD	max	mfe	0	1
survival	STAD	max	mfe	0	2
survival	STAD	max	mfe	0	3
survival	STAD	max	mfe	0	4
survival	STAD	max	mfe	0	5
survival	STAD	max	mfe	1	1
survival	STAD	max	mfe	1	2
survival	STAD	max	mfe	1	3
survival	STAD	max	mfe	1	4
survival	STAD	max	mfe	1	5
survival	STAD	max	mfe	2	1
survival	STAD	max	mfe	2	2
survival	STAD	max	mfe	2	3
survival	STAD	max	mfe	2	4
survival	STAD	max	mfe	2	5
survival	UCEC	max	mfe	0	1
survival	UCEC	max	mfe	0	2
survival	UCEC	max	mfe	0	3
survival	UCEC	max	mfe	0	4
survival	UCEC	max	mfe	0	5
survival	UCEC	max	mfe	1	1
survival	UCEC	max	mfe	1	2
survival	UCEC	max	mfe	1	3
survival	UCEC	max	mfe	1	4
survival	UCEC	max	mfe	1	5
survival	UCEC	max	mfe	2	1
survival	UCEC	max	mfe	2	2
survival	UCEC	max	mfe	2	3
survival	UCEC	max	mfe	2	4
survival	UCEC	max	mfe	2	5
survival	KIRC	att	mfe	0	1
survival	KIRC	att	mfe	0	2
survival	KIRC	att	mfe	0	3
survival	KIRC	att	mfe	0	4
survival	KIRC	att	mfe	0	5
survival	KIRC	att	mfe	1	1
survival	KIRC	att	mfe	1	2
survival	KIRC	att	mfe	1	3
survival	KIRC	att	mfe	1	4
survival	KIRC	att	mfe	1	5
survival	KIRC	att	mfe	2	1
survival	KIRC	att	mfe	2	2
survival	KIRC	att	mfe	2	3
survival	KIRC	att	mfe	2	4
survival	KIRC	att	mfe	2	5
survival	KIRP	att	mfe	0	1
survival	KIRP	att	mfe	0	2
survival	KIRP	att	mfe	0	3
survival	KIRP	att	mfe	0	4
survival	KIRP	att	mfe	0	5
survival	KIRP	att	mfe	1	1
survival	KIRP	att	mfe	1	2
survival	KIRP	att	mfe	1	3
survival	KIRP	att	mfe	1	4
survival	KIRP	att	mfe	1	5
survival	KIRP	att	mfe	2	1
survival	KIRP	att	mfe	2	2
survival	KIRP	att	mfe	2	3
survival	KIRP	att	mfe	2	4
survival	KIRP	att	mfe	2	5
survival	LUAD	att	mfe	0	1
survival	LUAD	att	mfe	0	2
survival	LUAD	att	mfe	0	3
survival	LUAD	att	mfe	0	4
survival	LUAD	att	mfe	0	5
survival	LUAD	att	mfe	1	1
survival	LUAD	att	mfe	1	2
survival	LUAD	att	mfe	1	3
survival	LUAD	att	mfe	1	4
survival	LUAD	att	mfe	1	5
survival	LUAD	att	mfe	2	1
survival	LUAD	att	mfe	2	2
survival	LUAD	att	mfe	2	3
survival	LUAD	att	mfe	2	4
survival	LUAD	att	mfe	2	5
survival	STAD	att	mfe	0	1
survival	STAD	att	mfe	0	2
survival	STAD	att	mfe	0	3
survival	STAD	att	mfe	0	4
survival	STAD	att	mfe	0	5
survival	STAD	att	mfe	1	1
survival	STAD	att	mfe	1	2
survival	STAD	att	mfe	1	3
survival	STAD	att	mfe	1	4
survival	STAD	att	mfe	1	5
survival	STAD	att	mfe	2	1
survival	STAD	att	mfe	2	2
survival	STAD	att	mfe	2	3
survival	STAD	att	mfe	2	4
survival	STAD	att	mfe	2	5
survival	UCEC	att	mfe	0	1
survival	UCEC	att	mfe	0	2
survival	UCEC	att	mfe	0	3
survival	UCEC	att	mfe	0	4
survival	UCEC	att	mfe	0	5
survival	UCEC	att	mfe	1	1
survival	UCEC	att	mfe	1	2
survival	UCEC	att	mfe	1	3
survival	UCEC	att	mfe	1	4
survival	UCEC	att	mfe	1	5
survival	UCEC	att	mfe	2	1
survival	UCEC	att	mfe	2	2
survival	UCEC	att	mfe	2	3
survival	UCEC	att	mfe	2	4
survival	UCEC	att	mfe	2	5
survival	KIRC	clam_sb	mfe	0	1
survival	KIRC	clam_sb	mfe	0	2
survival	KIRC	clam_sb	mfe	0	3
survival	KIRC	clam_sb	mfe	0	4
survival	KIRC	clam_sb	mfe	0	5
survival	KIRC	clam_sb	mfe	1	1
survival	KIRC	clam_sb	mfe	1	2
survival	KIRC	clam_sb	mfe	1	3
survival	KIRC	clam_sb	mfe	1	4
survival	KIRC	clam_sb	mfe	1	5
survival	KIRC	clam_sb	mfe	2	1
survival	KIRC	clam_sb	mfe	2	2
survival	KIRC	clam_sb	mfe	2	3
survival	KIRC	clam_sb	mfe	2	4
survival	KIRC	clam_sb	mfe	2	5
survival	KIRP	clam_sb	mfe	0	1
survival	KIRP	clam_sb	mfe	0	2
survival	KIRP	clam_sb	mfe	0	3
survival	KIRP	clam_sb	mfe	0	4
survival	KIRP	clam_sb	mfe	0	5
survival	KIRP	clam_sb	mfe	1	1
survival	KIRP	clam_sb	mfe	1	2
survival	KIRP	clam_sb	mfe	1	3
survival	KIRP	clam_sb	mfe	1	4
survival	KIRP	clam_sb	mfe	1	5
survival	KIRP	clam_sb	mfe	2	1
survival	KIRP	clam_sb	mfe	2	2
survival	KIRP	clam_sb	mfe	2	3
survival	KIRP	clam_sb	mfe	2	4
survival	KIRP	clam_sb	mfe	2	5
survival	LUAD	clam_sb	mfe	0	1
survival	LUAD	clam_sb	mfe	0	2
survival	LUAD	clam_sb	mfe	0	3
survival	LUAD	clam_sb	mfe	0	4
survival	LUAD	clam_sb	mfe	0	5
survival	LUAD	clam_sb	mfe	1	1
survival	LUAD	clam_sb	mfe	1	2
survival	LUAD	clam_sb	mfe	1	3
survival	LUAD	clam_sb	mfe	1	4
survival	LUAD	clam_sb	mfe	1	5
survival	LUAD	clam_sb	mfe	2	1
survival	LUAD	clam_sb	mfe	2	2
survival	LUAD	clam_sb	mfe	2	3
survival	LUAD	clam_sb	mfe	2	4
survival	LUAD	clam_sb	mfe	2	5
survival	STAD	clam_sb	mfe	0	1
survival	STAD	clam_sb	mfe	0	2
survival	STAD	clam_sb	mfe	0	3
survival	STAD	clam_sb	mfe	0	4
survival	STAD	clam_sb	mfe	0	5
survival	STAD	clam_sb	mfe	1	1
survival	STAD	clam_sb	mfe	1	2
survival	STAD	clam_sb	mfe	1	3
survival	STAD	clam_sb	mfe	1	4
survival	STAD	clam_sb	mfe	1	5
survival	STAD	clam_sb	mfe	2	1
survival	STAD	clam_sb	mfe	2	2
survival	STAD	clam_sb	mfe	2	3
survival	STAD	clam_sb	mfe	2	4
survival	STAD	clam_sb	mfe	2	5
survival	UCEC	clam_sb	mfe	0	1
survival	UCEC	clam_sb	mfe	0	2
survival	UCEC	clam_sb	mfe	0	3
survival	UCEC	clam_sb	mfe	0	4
survival	UCEC	clam_sb	mfe	0	5
survival	UCEC	clam_sb	mfe	1	1
survival	UCEC	clam_sb	mfe	1	2
survival	UCEC	clam_sb	mfe	1	3
survival	UCEC	clam_sb	mfe	1	4
survival	UCEC	clam_sb	mfe	1	5
survival	UCEC	clam_sb	mfe	2	1
survival	UCEC	clam_sb	mfe	2	2
survival	UCEC	clam_sb	mfe	2	3
survival	UCEC	clam_sb	mfe	2	4
survival	UCEC	clam_sb	mfe	2	5
survival	KIRC	clam_mb	mfe	0	1
survival	KIRC	clam_mb	mfe	0	2
survival	KIRC	clam_mb	mfe	0	3
survival	KIRC	clam_mb	mfe	0	4
survival	KIRC	clam_mb	mfe	0	5
survival	KIRC	clam_mb	mfe	1	1
survival	KIRC	clam_mb	mfe	1	2
survival	KIRC	clam_mb	mfe	1	3
survival	KIRC	clam_mb	mfe	1	4
survival	KIRC	clam_mb	mfe	1	5
survival	KIRC	clam_mb	mfe	2	1
survival	KIRC	clam_mb	mfe	2	2
survival	KIRC	clam_mb	mfe	2	3
survival	KIRC	clam_mb	mfe	2	4
survival	KIRC	clam_mb	mfe	2	5
survival	KIRP	clam_mb	mfe	0	1
survival	KIRP	clam_mb	mfe	0	2
survival	KIRP	clam_mb	mfe	0	3
survival	KIRP	clam_mb	mfe	0	4
survival	KIRP	clam_mb	mfe	0	5
survival	KIRP	clam_mb	mfe	1	1
survival	KIRP	clam_mb	mfe	1	2
survival	KIRP	clam_mb	mfe	1	3
survival	KIRP	clam_mb	mfe	1	4
survival	KIRP	clam_mb	mfe	1	5
survival	KIRP	clam_mb	mfe	2	1
survival	KIRP	clam_mb	mfe	2	2
survival	KIRP	clam_mb	mfe	2	3
survival	KIRP	clam_mb	mfe	2	4
survival	KIRP	clam_mb	mfe	2	5
survival	LUAD	clam_mb	mfe	0	1
survival	LUAD	clam_mb	mfe	0	2
survival	LUAD	clam_mb	mfe	0	3
survival	LUAD	clam_mb	mfe	0	4
survival	LUAD	clam_mb	mfe	0	5
survival	LUAD	clam_mb	mfe	1	1
survival	LUAD	clam_mb	mfe	1	2
survival	LUAD	clam_mb	mfe	1	3
survival	LUAD	clam_mb	mfe	1	4
survival	LUAD	clam_mb	mfe	1	5
survival	LUAD	clam_mb	mfe	2	1
survival	LUAD	clam_mb	mfe	2	2
survival	LUAD	clam_mb	mfe	2	3
survival	LUAD	clam_mb	mfe	2	4
survival	LUAD	clam_mb	mfe	2	5
survival	STAD	clam_mb	mfe	0	1
survival	STAD	clam_mb	mfe	0	2
survival	STAD	clam_mb	mfe	0	3
survival	STAD	clam_mb	mfe	0	4
survival	STAD	clam_mb	mfe	0	5
survival	STAD	clam_mb	mfe	1	1
survival	STAD	clam_mb	mfe	1	2
survival	STAD	clam_mb	mfe	1	3
survival	STAD	clam_mb	mfe	1	4
survival	STAD	clam_mb	mfe	1	5
survival	STAD	clam_mb	mfe	2	1
survival	STAD	clam_mb	mfe	2	2
survival	STAD	clam_mb	mfe	2	3
survival	STAD	clam_mb	mfe	2	4
survival	STAD	clam_mb	mfe	2	5
survival	UCEC	clam_mb	mfe	0	1
survival	UCEC	clam_mb	mfe	0	2
survival	UCEC	clam_mb	mfe	0	3
survival	UCEC	clam_mb	mfe	0	4
survival	UCEC	clam_mb	mfe	0	5
survival	UCEC	clam_mb	mfe	1	1
survival	UCEC	clam_mb	mfe	1	2
survival	UCEC	clam_mb	mfe	1	3
survival	UCEC	clam_mb	mfe	1	4
survival	UCEC	clam_mb	mfe	1	5
survival	UCEC	clam_mb	mfe	2	1
survival	UCEC	clam_mb	mfe	2	2
survival	UCEC	clam_mb	mfe	2	3
survival	UCEC	clam_mb	mfe	2	4
survival	UCEC	clam_mb	mfe	2	5
survival	KIRC	trans	mfe	0	1
survival	KIRC	trans	mfe	0	2
survival	KIRC	trans	mfe	0	3
survival	KIRC	trans	mfe	0	4
survival	KIRC	trans	mfe	0	5
survival	KIRC	trans	mfe	1	1
survival	KIRC	trans	mfe	1	2
survival	KIRC	trans	mfe	1	3
survival	KIRC	trans	mfe	1	4
survival	KIRC	trans	mfe	1	5
survival	KIRC	trans	mfe	2	1
survival	KIRC	trans	mfe	2	2
survival	KIRC	trans	mfe	2	3
survival	KIRC	trans	mfe	2	4
survival	KIRC	trans	mfe	2	5
survival	KIRP	trans	mfe	0	1
survival	KIRP	trans	mfe	0	2
survival	KIRP	trans	mfe	0	3
survival	KIRP	trans	mfe	0	4
survival	KIRP	trans	mfe	0	5
survival	KIRP	trans	mfe	1	1
survival	KIRP	trans	mfe	1	2
survival	KIRP	trans	mfe	1	3
survival	KIRP	trans	mfe	1	4
survival	KIRP	trans	mfe	1	5
survival	KIRP	trans	mfe	2	1
survival	KIRP	trans	mfe	2	2
survival	KIRP	trans	mfe	2	3
survival	KIRP	trans	mfe	2	4
survival	KIRP	trans	mfe	2	5
survival	LUAD	trans	mfe	0	1
survival	LUAD	trans	mfe	0	2
survival	LUAD	trans	mfe	0	3
survival	LUAD	trans	mfe	0	4
survival	LUAD	trans	mfe	0	5
survival	LUAD	trans	mfe	1	1
survival	LUAD	trans	mfe	1	2
survival	LUAD	trans	mfe	1	3
survival	LUAD	trans	mfe	1	4
survival	LUAD	trans	mfe	1	5
survival	LUAD	trans	mfe	2	1
survival	LUAD	trans	mfe	2	2
survival	LUAD	trans	mfe	2	3
survival	LUAD	trans	mfe	2	4
survival	LUAD	trans	mfe	2	5
survival	STAD	trans	mfe	0	1
survival	STAD	trans	mfe	0	2
survival	STAD	trans	mfe	0	3
survival	STAD	trans	mfe	0	4
survival	STAD	trans	mfe	0	5
survival	STAD	trans	mfe	1	1
survival	STAD	trans	mfe	1	2
survival	STAD	trans	mfe	1	3
survival	STAD	trans	mfe	1	4
survival	STAD	trans	mfe	1	5
survival	STAD	trans	mfe	2	1
survival	STAD	trans	mfe	2	2
survival	STAD	trans	mfe	2	3
survival	STAD	trans	mfe	2	4
survival	STAD	trans	mfe	2	5
survival	UCEC	trans	mfe	0	1
survival	UCEC	trans	mfe	0	2
survival	UCEC	trans	mfe	0	3
survival	UCEC	trans	mfe	0	4
survival	UCEC	trans	mfe	0	5
survival	UCEC	trans	mfe	1	1
survival	UCEC	trans	mfe	1	2
survival	UCEC	trans	mfe	1	3
survival	UCEC	trans	mfe	1	4
survival	UCEC	trans	mfe	1	5
survival	UCEC	trans	mfe	2	1
survival	UCEC	trans	mfe	2	2
survival	UCEC	trans	mfe	2	3
survival	UCEC	trans	mfe	2	4
survival	UCEC	trans	mfe	2	5
